,Channel,Region,Fresh,Milk,Grocery,Frozen,Detergents_Paper,Delicatessen,x_kpca_rbf,y_kpca_rbf,x_kpca_poly,y_kpca_poly,x_kpca_cos,y_kpca_cos,cluster_kpca_rbf
0,Retail,Other,12669,9656,7561,214,2674,1338,0.05287367851390618,-0.0957020283339392,0.07837370589555122,-0.17311460364284026,0.5047893015158403,0.009622306647377976,2
1,Retail,Other,7057,9810,9568,1762,3293,1776,0.12964618401642972,-0.16045812129786965,0.18581254641290754,-0.3074147140645969,0.8899412223120102,-0.2628329463279434,2
2,Retail,Other,6353,8808,7684,2405,3516,7844,0.21020537269667056,0.04844604646265663,0.3417015381326228,0.07504775170557597,0.4739940541267175,0.23568683324586615,2
3,HoReCa,Other,13265,1196,4221,6404,507,1788,-0.2162432260582775,0.10516496683103878,-0.253303523658345,0.25035242631907617,-0.6186114271241644,0.3701305442802818,4
4,Retail,Other,22615,5410,7198,3915,1777,5185,-0.011687374284495495,0.265431626957565,0.13661671368898726,0.37527923546027614,0.06889953794312502,0.8618293827365121,4
5,Retail,Other,9413,8259,5126,666,1795,1451,-0.036466297361146184,-0.13284548868140955,-0.08895330433843482,-0.21226471169213532,0.10295629527946552,-0.3304564801092655,1
6,Retail,Other,12126,3199,6975,480,3140,545,-0.0697155932203249,-0.11732621082881495,-0.14353041259380836,-0.16630589319905756,-0.09216796241777583,-0.28989192765361305,1
7,Retail,Other,7579,4956,9426,1669,3321,2566,0.043759443842918584,-0.1466191388393938,0.040896985837843736,-0.2627155987279703,0.5540934639173403,-0.3475508620366147,2
8,HoReCa,Other,5963,3648,6192,425,1716,750,-0.09675019886902207,-0.20506029089817548,-0.22048402954290292,-0.3051577883697472,-0.15578901423447644,-0.6896927304727348,1
9,Retail,Other,6006,11093,18881,1159,7425,2098,0.4936685721899785,-0.15555600801111769,0.7089688368462713,-0.2911925018216329,1.1648509491774444,0.023746724906468144,0
10,Retail,Other,3366,5403,12974,4400,5977,1744,0.21067780901882685,-0.1696435955528311,0.3197406409241956,-0.30652457804762456,0.8649020932926702,-0.19286306252342555,2
11,Retail,Other,13146,1124,4523,1420,549,497,-0.22150693569650964,-0.043019810961086334,-0.3554518255692504,0.013874803248531941,-0.6524416952788551,-0.10638673171860998,1
12,Retail,Other,31714,12319,11757,287,3881,2931,0.2047987318660783,0.29304673062421405,0.3854465445073941,0.33572883668073555,0.5189256754099233,0.8891844129165529,3
13,Retail,Other,21217,6208,14982,3095,6707,602,0.22492371282292745,0.08412699715331362,0.3895006007283214,0.059373813275348415,0.7459587900333248,0.6652437528164216,2
14,Retail,Other,24653,9465,12091,294,5058,2168,0.19615395161835333,0.13023054987066887,0.3555111665729343,0.1442177849516529,0.6716997036238872,0.7605400813714231,2
15,HoReCa,Other,10253,1114,3821,397,964,412,-0.2060461349804703,-0.11610486588018888,-0.35435520006086124,-0.11021859390248882,-0.5245171920456185,-0.3477885584442489,1
16,Retail,Other,1020,8816,12121,134,4508,1080,0.22748280410347524,-0.2846927365653199,0.32263564498743075,-0.4722189977111656,0.8519358136546645,-0.5460352667323773,2
17,HoReCa,Other,5876,6157,2933,839,370,4478,-0.07176423537634714,-0.08755038735669993,-0.07000249896230815,-0.09035047264311934,-0.0332202932966469,-0.11493113644620083,1
18,Retail,Other,18601,6327,10099,2205,2767,3181,0.039925904486972835,0.08402689619844303,0.11654191916216353,0.11785312476009355,0.3876603752214002,0.8429922154646661,4
19,HoReCa,Other,7780,2495,9464,669,2518,501,-0.04484567184704745,-0.18519562960453692,-0.12022755406904648,-0.2835482007710932,0.04476543644367455,-0.5527699503922409,1
20,Retail,Other,17546,4519,4602,1066,2259,2124,-0.11095404619357713,0.03344697483640405,-0.14690021076745413,0.09957113896938707,-0.30752089028589946,0.44318830528889214,4
21,HoReCa,Other,5567,871,2010,3383,375,569,-0.2435317728056085,-0.11311006709485745,-0.3995107138663484,-0.09264082017742066,-0.6188073618880082,-0.38761277604787386,1
22,HoReCa,Other,31276,1917,4469,9408,2381,4334,-0.06805144353149091,0.5381913850229698,0.20435998773200198,0.6356359259636717,-0.1560043348914223,1.0050370853124675,3
23,Retail,Other,26373,36423,22019,5154,4337,16523,0.4514279462992255,0.4340437448097874,0.39026615726915015,0.2569496025734214,0.7065213342862832,0.6250312465235665,3
24,Retail,Other,22647,9776,13792,2915,4482,5778,0.2635648263851923,0.22849832866870226,0.4278165407333474,0.22478368660722706,0.6516647402081203,0.8093177360160559,3
25,Retail,Other,16165,4230,7595,201,4003,57,-0.023400880290824717,-0.0594955306577029,-0.031635128734054385,-0.07255095160998637,0.11452974129428214,0.06812692646640442,1
26,HoReCa,Other,9898,961,2861,3151,242,833,-0.2497047669045731,-0.048685616761006016,-0.4001406036273937,0.00853541469734872,-0.7423357127810756,-0.1765751160825628,1
27,HoReCa,Other,14276,803,3045,485,100,518,-0.2491491000458864,-0.02751349902059024,-0.3700525126455123,0.053917919214034764,-0.6391505057184971,-0.07438347274703133,1
28,Retail,Other,4113,20484,25957,1158,8604,5206,0.7542725293909501,0.04020315600901908,0.7016207368605806,0.07310145750803983,1.124945328050573,0.2130374858337629,0
29,HoReCa,Other,43088,2100,2609,1200,1107,823,-0.12638479479376782,0.5346064697582528,0.1826835473898085,0.6814840445911229,-0.2764926102240201,0.8502143237539174,3
30,HoReCa,Other,18815,3610,11107,1148,2134,2963,-0.007407037413695294,0.06725798705065192,0.04311921712672585,0.1174533592420145,0.16493083317346688,0.6234542505990082,4
31,HoReCa,Other,2612,4339,3133,2088,820,985,-0.14954951184126322,-0.19973477021747046,-0.2947866262456748,-0.27210669237856183,-0.3202832277448935,-0.6543615200910102,1
32,HoReCa,Other,21632,1318,2886,266,918,405,-0.22685196768119845,0.10124602462623544,-0.2515720524686855,0.26606108407188256,-0.5331976714561589,0.3096951135050876,4
33,HoReCa,Other,29729,4786,7326,6130,361,1083,-0.1282850581623546,0.399899097505344,0.04182350289076511,0.626332710568475,-0.2657127763492757,1.0160176758685076,3
34,HoReCa,Other,1502,1979,2262,425,483,395,-0.18919553651563345,-0.23384049513375876,-0.3395076127492349,-0.2859829888576617,-0.3553345601724844,-0.6617378578423457,1
35,Retail,Other,688,5491,11091,833,4239,436,0.1256768007670742,-0.2926489592380955,0.15318548998697992,-0.4720462749746825,0.6000385488030907,-0.6994720898570783,2
36,HoReCa,Other,29955,4362,5428,1729,862,4626,-0.07490778440677827,0.35872505699860746,0.11579078334966665,0.5158516314924013,-0.10896559076293684,0.8729278267080995,3
37,Retail,Other,15168,10556,12477,1920,6506,714,0.277901056648966,-0.04514595628102519,0.4474462104001658,-0.15055607597941162,1.0110854714933872,0.3545071689871451,2
38,Retail,Other,4591,15729,16709,33,6956,433,0.5088895400207492,-0.1799297296670465,0.6931422223897341,-0.2710746455693036,1.0669990965728455,-0.0866897260511077,0
39,HoReCa,Other,56159,555,902,10002,212,2916,0.0011534773885988926,0.8220882021752696,0.3812905631536113,0.5589487619332952,-0.2658160897709333,1.0520557688481056,3
40,HoReCa,Other,24025,4332,4757,9510,1145,5864,-0.032239955548381535,0.4461745338424914,0.2115296314258817,0.5158501567286049,-0.07066330438118074,0.8768592401126596,3
41,HoReCa,Other,19176,3065,5956,2033,2575,2802,-0.09802047435051188,0.09632757038358702,-0.09230035545523264,0.1966869002686488,-0.2267615344055911,0.6812704745370014,4
42,Retail,Other,10850,7555,14961,188,6899,46,0.2988971777641694,-0.1573763642604774,0.46300101226479096,-0.292706531265456,0.9339095988837436,-0.04149593103471429,2
43,Retail,Other,630,11095,23998,787,9529,72,0.6333539368942154,-0.1807996435040964,0.7874656499758453,-0.2060123987575114,1.0782110305381705,-0.1264071613347099,0
44,Retail,Other,9670,7027,10471,541,4618,65,0.11821939187426732,-0.17633709856656554,0.16846143696562288,-0.3160674267550954,0.6993504189316272,-0.3014026813903076,2
45,Retail,Other,5181,22044,21531,1740,7353,4985,0.6897964496445723,0.03594302634918011,0.6868279055313018,0.05304779726024779,1.08377114597803,0.23881263381467815,0
46,Retail,Other,3103,14069,21955,1668,6792,1452,0.5735478600785713,-0.15203914947613234,0.7630314684360963,-0.2376643694653716,1.1362540837239703,-0.007844312938151363,0
47,Retail,Other,44466,54259,55571,7782,24171,6465,0.4349453256302615,0.4415408749362428,0.3902727289147301,0.2579669885514343,1.0468195374740168,0.6355703661769264,3
48,Retail,Other,11519,6152,10868,584,5121,1476,0.13561872349870374,-0.1317694543457369,0.20654515531327805,-0.26001705669369035,0.8848206201740587,-0.06628411696761508,2
49,Retail,Other,4967,21412,28921,1798,13583,1163,0.8621295544651938,0.060572796128393724,0.7289714387313022,0.1158823681764607,1.1659077580747397,0.16553202774555306,0
50,HoReCa,Other,6269,1095,1980,3860,609,2162,-0.22105886892878046,-0.07080960169479121,-0.3430795910530941,-0.035973347916172814,-0.5820706110905143,-0.22619730411284586,1
51,HoReCa,Other,3347,4051,6996,239,1538,301,-0.0720433736561098,-0.2487907956041573,-0.1808690502894265,-0.3679504169323377,-0.028722944939419324,-0.7430876992955524,1
52,Retail,Other,40721,3916,5876,532,2587,1278,-0.05211752857316581,0.4684989831224589,0.20385521739136736,0.6261716702573177,-0.08674957266417169,0.8909028791210406,3
53,Retail,Other,491,10473,11532,744,5611,224,0.27894702123292897,-0.2810192651862057,0.4039493331332728,-0.4491321359123349,0.8740988275952088,-0.4758487853096406,2
54,HoReCa,Other,27329,1449,1947,2436,204,1333,-0.24526307257678515,0.2860081111708117,-0.1626299229460015,0.5367169722978515,-0.5661236177888785,0.6849596429801801,4
55,HoReCa,Other,5264,3683,5005,1057,2024,1130,-0.1037128665697349,-0.1997366429537304,-0.233658734818708,-0.29885888350892176,-0.2019424298597644,-0.7210255982115944,1
56,Retail,Other,4098,29892,26866,2616,17740,1340,0.8391977821271883,0.20429638087101035,0.5426398038264191,0.2327742150149673,1.1345482302711063,0.20080584685527714,0
57,Retail,Other,5417,9933,10487,38,7572,1282,0.3185422134618672,-0.22071311812153108,0.4746777128635695,-0.38349654161277785,0.9906745830480072,-0.241049736273137,2
58,HoReCa,Other,13779,1970,1648,596,227,436,-0.2501364703788845,-0.03512437087032138,-0.3782829305730562,0.0389655500053321,-0.6503694520222107,-0.10235035203594348,1
59,HoReCa,Other,6137,5360,8040,129,3084,1603,0.01896837189510496,-0.2124888649702137,-0.022022933753793425,-0.3573458414066493,0.3731213086902093,-0.6586893364667847,2
60,Retail,Other,8590,3045,7854,96,4095,225,-0.011511233389875688,-0.19275384966069045,-0.059830519896656775,-0.2986881440336673,0.17949326231368734,-0.5060044485503941,1
61,Retail,Other,35942,38369,59598,3254,26701,2017,0.5104345084293165,0.4434218772621693,0.39299139703675934,0.2596203904566621,1.096396168156771,0.5179666938410358,3
62,Retail,Other,7823,6245,6544,4154,4074,964,0.009010223963096892,-0.11331377862381825,-0.009699948119071,-0.1962110688577538,0.35342997336563825,-0.30864959755664617,1
63,Retail,Other,9396,11601,15775,2896,7677,1295,0.4270871287557403,-0.10071273995323107,0.6401918706005619,-0.24099799892956264,1.155806895392096,0.17863504925210588,2
64,HoReCa,Other,4760,1227,3250,3724,1247,1145,-0.19489949130152268,-0.12720400654956426,-0.3396877340483362,-0.13477912051815075,-0.5182627933852391,-0.4322266616355373,1
65,Retail,Other,85,20959,45828,36,24231,1423,0.7539503554469698,0.3101013874055389,0.4410358671167096,0.2616736195916985,1.1483957385883086,0.13524693209006589,0
66,HoReCa,Other,9,1534,7417,175,3468,27,-0.025740851286433997,-0.2970617423148747,-0.09322374084289006,-0.4130771376120032,0.10625886719030372,-0.7534036783570165,1
67,Retail,Other,19913,6759,13462,1256,5141,834,0.16258880751479926,0.02891367677972825,0.29240464167051344,0.00012687407189318752,0.7219711661891853,0.5778175984956202,2
68,HoReCa,Other,2446,7260,3993,5870,788,3095,-0.05972027434477791,-0.06749093294707517,-0.0599707011697159,-0.06292199893640757,-0.01517272074014014,-0.09582649452127702,1
69,HoReCa,Other,8352,2820,1293,779,656,144,-0.22172944681278345,-0.13367123031116165,-0.37944416017539295,-0.13546815859725855,-0.5404623323910833,-0.4177517515871899,1
70,HoReCa,Other,16705,2037,3202,10643,116,1365,-0.19297475357562924,0.29274146748223656,-0.05060659132237162,0.4810257519427729,-0.4214474336569596,0.5814482961589554,4
71,HoReCa,Other,18291,1266,21042,5373,4173,14472,0.36147687186406463,0.3938445308299713,0.3992597551893945,0.26347509037127353,0.4284467783983808,0.5388427699211277,3
72,HoReCa,Other,4420,5139,2661,8872,1321,181,-0.1307165970681748,0.007139419616991037,-0.11135435138412844,0.09607355497591544,-0.2354513943970505,-0.0033438994733020304,1
73,Retail,Other,19899,5332,8713,8132,764,648,-0.09581084189636503,0.24528987711419595,0.0008987162689018074,0.4094083190417793,-0.188461828341525,0.8126110518976689,4
74,Retail,Other,8190,6343,9794,1285,1901,1780,0.015635017771267117,-0.14957068311069754,-0.0107208200281701,-0.26244056436794794,0.4250958639726384,-0.4536534663942196,1
75,HoReCa,Other,20398,1137,3,4407,3,975,-0.29279469672820274,0.1966879682008657,-0.2988019728448936,0.4165342524963792,-0.7545245986949456,0.47757790413847295,4
76,HoReCa,Other,717,3587,6532,7530,529,894,-0.10781834227646607,-0.08298364178919919,-0.1282246715305857,-0.04654708810697804,-0.1647623281565941,-0.21796638427731949,1
77,Retail,Other,12205,12697,28540,869,12034,1009,0.751301020044042,0.01260667270702347,0.7923752448833203,0.007641589923586964,1.1206394962774142,0.2419467109294498,0
78,HoReCa,Other,10766,1175,2067,2096,301,167,-0.2574395111741397,-0.062071937035833566,-0.40984981655016206,-0.006883271270861428,-0.7004238678739126,-0.2178807568443948,1
79,HoReCa,Other,1640,3259,3655,868,1202,1653,-0.12795969270440194,-0.2297405109441161,-0.2610406538069765,-0.31847176755984985,-0.20982097097592994,-0.6871863036900921,1
80,HoReCa,Other,7005,829,3009,430,610,529,-0.2168706693463673,-0.15819009448044904,-0.3779155808867271,-0.17308419907797304,-0.5043193191568104,-0.4801727327940402,1
81,Retail,Other,219,9540,14403,283,7818,156,0.3976279742424213,-0.2772839137719734,0.5725819154133495,-0.4145797417023825,0.965665932270098,-0.3749778514272839,2
82,Retail,Other,10362,9232,11009,737,3537,2342,0.15562033900879213,-0.1193562313766874,0.2402263946635039,-0.2448420655760987,0.9380307119266692,0.02231177815291746,2
83,HoReCa,Other,20874,1563,1783,2320,550,772,-0.2576563583225601,0.13988625323960646,-0.29618269339744824,0.33081418448807226,-0.6908481647038808,0.42608215256370596,4
84,Retail,Other,11867,3327,4814,1178,3837,120,-0.08603991357787022,-0.11117096801091857,-0.1648772854952068,-0.1475219150071057,-0.15945036141570265,-0.2728549215358759,1
85,Retail,Other,16117,46197,92780,1026,40827,2944,0.3793978188732704,0.4217476697144797,0.3883366736832279,0.25626373495613325,1.1496273046754102,0.3385310835504963,3
86,Retail,Other,22925,73498,32114,987,20070,903,0.40490392171366907,0.4209787594450959,0.38843674479929213,0.2563393057786993,0.972482453199326,0.3833676285205047,3
87,HoReCa,Other,43265,5025,8117,6312,1579,14351,0.2789329798705148,0.5687683065439961,0.3948303497119393,0.2825635724817164,0.17714702976729976,0.8374567839151441,3
88,HoReCa,Other,7864,542,4042,9735,165,46,-0.2014511206756206,0.10140601877658728,-0.1416351099577708,0.2473306821759167,-0.42010800751045546,0.14159061626856845,4
89,HoReCa,Other,24904,3836,5330,3443,454,3178,-0.14695611533869826,0.2756174663879383,-0.053857620132791516,0.4779438454720914,-0.3295105011262156,0.9016782884608264,4
90,HoReCa,Other,11405,596,1638,3347,69,360,-0.27865266258619475,-0.013904429429952216,-0.4136609279751087,0.07913795302740635,-0.7648710686059708,-0.0858534338884125,1
91,HoReCa,Other,12754,2762,2530,8693,627,1117,-0.20459268240444736,0.15616091755812309,-0.17362761022052542,0.3225087737341825,-0.4874605703811691,0.3928984954587656,4
92,Retail,Other,9198,27472,32034,3232,18906,5130,0.8333454214028614,0.2811143014915979,0.51081823915959,0.25525282250221704,1.154835090436997,0.34036820400825124,0
93,HoReCa,Other,11314,3090,2062,35009,71,2698,0.2824341417452919,0.5047582272413768,0.3900350151310963,0.2639131765015496,-0.04139922301103628,0.5324876653575954,3
94,Retail,Other,5626,12220,11323,206,5038,244,0.2720800867303914,-0.21677829672043736,0.4048812679722284,-0.3705245523594404,0.902849102002836,-0.2678894435767465,2
95,HoReCa,Other,3,2920,6252,440,223,709,-0.11777952089035525,-0.2632076086518809,-0.24060060089851426,-0.3535239289116525,-0.15294248141700814,-0.7259523252920134,1
96,Retail,Other,23,2616,8118,145,3874,217,0.016819649058288248,-0.30385688812632905,-0.028894103489518062,-0.4430106441334654,0.23756369873419275,-0.7668978256775626,2
97,HoReCa,Other,403,254,610,774,54,63,-0.2329047651845156,-0.2200037043466414,-0.364145551892008,-0.2287867466358161,-0.4384791894903251,-0.6101071903197052,1
98,HoReCa,Other,503,112,778,895,56,132,-0.23396123301421645,-0.21704585925129508,-0.3674269063091253,-0.22596087671538295,-0.4447429754030151,-0.6054946701786987,1
99,HoReCa,Other,9658,2182,1909,5639,215,323,-0.24763015220377602,0.008020704432845095,-0.3449825426219667,0.10798564535391862,-0.6720002351437823,-0.012278377094864358,4
100,Retail,Other,11594,7779,12144,3252,8035,3029,0.30962136809841045,-0.04358065723892944,0.4811708315362787,-0.14905364291346065,1.0212350486524622,0.34200475720901724,2
101,Retail,Other,1420,10810,16267,1593,6766,1838,0.4274073795582791,-0.22247803261972232,0.6231583558865986,-0.3777794219427703,1.1107038954484236,-0.1990924706560793,2
102,Retail,Other,2932,6459,7677,2561,4573,1386,0.08268564333822896,-0.22224091113867087,0.08900658922927399,-0.3847938536319638,0.6231288952200025,-0.6441470321122067,2
103,HoReCa,Other,56082,3504,8906,18028,1480,2498,0.15657822024412596,0.8031950337830327,0.4084907056239099,0.3960700673826255,-0.05579643972011115,1.0789826233293738,3
104,HoReCa,Other,14100,2132,3445,1336,1491,548,-0.2003629111033988,-0.03618950340397417,-0.3249884778073253,0.01746040848612236,-0.6290412356346771,-0.05669671931893645,1
105,HoReCa,Other,15587,1014,3970,910,139,1378,-0.2322528875227964,0.011321915828106877,-0.33552612925542163,0.1088106263190946,-0.6500958512772907,0.09097042990690414,4
106,Retail,Other,1454,6337,10704,133,6830,1831,0.2467891918992701,-0.2733173503213809,0.35597039869705704,-0.4454110428548868,0.8500377029836914,-0.4713498439595622,2
107,Retail,Other,8797,10646,14886,2471,8969,1438,0.44481873088107504,-0.1162643295030708,0.6569576061315461,-0.2530671506188995,1.1328766118030602,0.12548255234789246,2
108,Retail,Other,1531,8397,6981,247,2505,1236,0.053762102434171864,-0.26654737047735355,0.03254596291349779,-0.42573239496644505,0.4199245156610692,-0.6923183687253205,2
109,Retail,Other,1406,16729,28986,673,836,3,0.5044140636183132,-0.08404936871615275,0.5670440133693171,-0.02176429721600269,0.8466076744483279,-0.03293784358576593,0
110,HoReCa,Other,11818,1648,1694,2276,169,1647,-0.2506369133641357,-0.019802562050103167,-0.3856418282991099,0.0533820870217475,-0.7471941380562049,-0.05236900511489047,1
111,Retail,Other,12579,11114,17569,805,6457,1519,0.40758137665698135,-0.08602705042351406,0.6149712853516301,-0.2154250151171673,1.1266111371117145,0.2332482770827168,2
112,HoReCa,Other,19046,2770,2469,8853,483,2708,-0.18773946020497434,0.3030277920803274,-0.06586962261253387,0.5015456168575976,-0.4273205034288179,0.7242482326350228,4
113,HoReCa,Other,14438,2295,1733,3220,585,1561,-0.2421210188531184,0.042591397967248035,-0.34891183579487256,0.15647688408535834,-0.7945223177263415,0.19983769694860629,4
114,HoReCa,Other,18044,1080,2000,2555,118,1266,-0.2678732095799691,0.10016815048450887,-0.3411472876164215,0.2651940618756578,-0.7609371665114111,0.3218048939116355,4
115,HoReCa,Other,11134,793,2988,2715,276,610,-0.2529665448871018,-0.0401167668845973,-0.40102857546378295,0.02562015989037843,-0.7446736549222279,-0.14250206546851668,1
116,HoReCa,Other,11173,2521,3355,1517,310,222,-0.2226554816507399,-0.07649634562976315,-0.3728441164416735,-0.0453314027798645,-0.6432933308950814,-0.24302371160667094,1
117,HoReCa,Other,6990,3880,5380,1647,319,1160,-0.1539050524791377,-0.14439015260448512,-0.2976324734428258,-0.1925040954186266,-0.4455800242829275,-0.5152476244213482,1
118,HoReCa,Other,20049,1891,2362,5343,411,933,-0.2514490006307345,0.19922464212100705,-0.2559813286399117,0.4135922402946957,-0.6971472467333849,0.5924811188205427,4
119,HoReCa,Other,8258,2344,2147,3896,266,635,-0.23827975472312665,-0.061931823282124814,-0.384857046257995,-0.01704582005728237,-0.6973197868558396,-0.22874081434465535,1
120,HoReCa,Other,17160,1200,3412,2417,174,1136,-0.24937158427046666,0.07136644304221097,-0.3382159568239344,0.21355761823079428,-0.7517771197964335,0.2784161754866311,4
121,HoReCa,Other,4020,3234,1498,2395,264,255,-0.2138172427676866,-0.16409091805056933,-0.3725792335888263,-0.18563089819244336,-0.5004713871574354,-0.5266646762265583,1
122,HoReCa,Other,12212,201,245,1991,25,860,-0.2920182234685901,-0.016083334730064947,-0.4243548389161237,0.07877409271485138,-0.7554520510958853,-0.09267804919766046,1
123,Retail,Other,11170,10769,8814,2194,1976,143,0.05645790475706675,-0.08950180436705649,0.09054443614693199,-0.1608983131166887,0.4593130169470626,0.005875231508595567,2
124,HoReCa,Other,36050,1642,2961,4787,500,1621,-0.18456289328574607,0.5070191477599811,0.06833101231458345,0.7353255086402102,-0.39416191484703583,0.9411586573550248,3
125,HoReCa,Other,76237,3473,7102,16538,778,918,0.22607040997840666,0.7732284267090651,0.4068230009577623,0.3174255981544428,-0.09843482792804527,1.0934505656951086,3
126,HoReCa,Other,19219,1840,1658,8195,349,483,-0.2442222450626353,0.2589809485847652,-0.16882061944967486,0.4750716088009596,-0.5803246006671862,0.5714711329502032,4
127,Retail,Other,21465,7243,10685,880,2386,2749,0.049927078759124166,0.106977281160529,0.14505130547022535,0.1589749878026466,0.36824695837805227,0.7896823044663955,4
128,HoReCa,Other,140,8847,3823,142,1062,3,-0.033830672023199115,-0.2678394706343453,-0.090161794965584,-0.3645627782042595,0.09424987307299937,-0.6576480425920516,1
129,HoReCa,Other,42312,926,1510,1718,410,1819,-0.1553662196808638,0.5523462486611446,0.16521177354728678,0.7019507615988391,-0.3444181385930861,0.8609681703287699,3
130,HoReCa,Other,7149,2428,699,6316,395,911,-0.23844093502111566,-0.004176569377076059,-0.31819281870118443,0.08791208283469495,-0.5974332488235783,-0.05936316455418397,1
131,HoReCa,Other,2101,589,314,346,70,310,-0.2381529129100909,-0.20587931624902056,-0.37902412487450704,-0.2158708218497769,-0.4635785010345354,-0.5787137976395583,1
132,HoReCa,Other,14903,2032,2479,576,955,328,-0.22455448409449907,-0.02775006686845673,-0.3417193943007155,0.04547060965434452,-0.6021386610561442,-0.049941192020879314,1
133,HoReCa,Other,9434,1042,1235,436,256,396,-0.2529158472299521,-0.10894680371044538,-0.4060073391274109,-0.08040239432537266,-0.6026583826788331,-0.3390176928857712,1
134,HoReCa,Other,7388,1882,2174,720,47,537,-0.2317723641923895,-0.14091281591969862,-0.3963433707492267,-0.14462575969882974,-0.5606181849094805,-0.4407051920326438,1
135,HoReCa,Other,6300,1289,2591,1170,199,326,-0.2303398681292133,-0.15295641660549594,-0.3973277426183894,-0.16217998811174514,-0.54953452741044,-0.4815972133534393,1
136,HoReCa,Other,4625,8579,7030,4575,2447,1542,0.025962105417591745,-0.1288970989257547,0.02189328518387586,-0.21594184207017636,0.3741944617519527,-0.28567550988021706,1
137,HoReCa,Other,3087,8080,8282,661,721,36,-0.006199399100456729,-0.236743575972347,-0.05358515572264618,-0.3549901624963495,0.19258974877105167,-0.6077837322404094,1
138,HoReCa,Other,13537,4257,5034,155,249,3271,-0.12701414053323426,-0.01519458701333752,-0.16553635977965064,0.02342638125042105,-0.2504550973156526,0.12383531051663227,1
139,HoReCa,Other,5387,4979,3343,825,637,929,-0.14741294846652842,-0.18465047488707045,-0.2905099077731139,-0.25377422418426643,-0.32611471389424285,-0.5968350946932293,1
140,HoReCa,Other,17623,4280,7305,2279,960,2616,-0.1081588547861676,0.07714576318792231,-0.12177803098212532,0.1656980331783359,-0.3123403321213226,0.6598433811338884,4
141,HoReCa,Other,30379,13252,5189,321,51,1450,0.0025600922844106967,0.29184474849068026,0.18551001238519715,0.40623128824456295,0.0822644423457014,0.7478100019184148,3
142,HoReCa,Other,37036,7152,8253,2995,20,3,-0.06903974565132981,0.4490114865836898,0.1675158288583939,0.6198053550109611,-0.11708384057119882,0.9194240321215174,3
143,HoReCa,Other,10405,1596,1096,8425,399,318,-0.2405309921351825,0.1076498297692541,-0.22829519526764705,0.2630504415821845,-0.5512430953970947,0.1882623661400525,4
144,HoReCa,Other,18827,3677,1988,118,516,201,-0.2181630329551312,0.042378193904881324,-0.27765354263986103,0.16401730974887302,-0.5274023981279828,0.17081981702675927,4
145,Retail,Other,22039,8384,34792,42,12591,4430,0.7117027383037546,0.19387878871745348,0.5947264081346474,0.17396911873125742,1.006141229184228,0.46791038275625196,0
146,HoReCa,Other,7769,1936,2177,926,73,520,-0.2337139017403845,-0.13208689598313406,-0.3991324831147631,-0.13114476300919978,-0.5816546601821159,-0.4203172618249733,1
147,HoReCa,Other,9203,3373,2707,1286,1082,526,-0.19093341223102006,-0.1207182848828943,-0.3467442842458108,-0.1348630593673183,-0.5551952561024335,-0.4090612396755348,1
148,HoReCa,Other,5924,584,542,4052,283,434,-0.267171612748867,-0.08273382804647712,-0.4047396308047308,-0.031079289192234218,-0.6515588861577455,-0.3033717097682266,1
149,HoReCa,Other,31812,1433,1651,800,113,1440,-0.2210502059831671,0.3436132372550302,-0.05783684899296476,0.5844110161095779,-0.4568291325623946,0.6874226156417553,4
150,HoReCa,Other,16225,1825,1765,853,170,1067,-0.2524748229185168,0.023694175936259467,-0.3546433394214764,0.13638816960781566,-0.6826989462934027,0.09682478078859416,4
151,HoReCa,Other,1289,3328,2022,531,255,1774,-0.16614121186693648,-0.21840630695376428,-0.29870115365415073,-0.2764353609553245,-0.29836122220817657,-0.6123160418221654,1
152,HoReCa,Other,18840,1371,3135,3001,352,184,-0.2549616360002516,0.10531612095458852,-0.3178863673926576,0.2740457942617453,-0.7130002608573722,0.3351669128548731,4
153,HoReCa,Other,3463,9250,2368,779,302,1627,-0.07408215189113851,-0.1858346739337128,-0.13675359207538207,-0.25497388606505816,-0.025303640345422682,-0.4570485160820833,1
154,HoReCa,Other,622,55,137,75,7,8,-0.2355267878937701,-0.2227235302391704,-0.35613790579555177,-0.2243590797286056,-0.4326545182258479,-0.6052285187176739,1
155,Retail,Other,1989,10690,19460,233,11577,2153,0.6394889877457907,-0.16295194535591576,0.7953616515078534,-0.20293077559309672,1.1168132100034924,-0.0654559765338909,0
156,Retail,Other,3830,5291,14855,317,6694,3182,0.3078900379820989,-0.2054038437394952,0.4536909063417887,-0.3406775411225529,0.9241181923173332,-0.1937233636063219,2
157,HoReCa,Other,17773,1366,2474,3378,811,418,-0.2525200954393755,0.09301186653874778,-0.3282392887694633,0.25212089059479303,-0.7434035398348682,0.3187465706689174,4
158,Retail,Other,2861,6570,9618,930,4004,1682,0.11261349580263735,-0.24938535277080345,0.13432392884255706,-0.43194495745137657,0.7024510691760882,-0.6553976083360121,2
159,Retail,Other,355,7704,14682,398,8077,303,0.3788583554997641,-0.2784564843300865,0.5496668663183774,-0.4181542000132607,0.9403612623530492,-0.3856310799528031,2
160,Retail,Other,1725,3651,12822,824,4424,2157,0.1476346968697167,-0.2533347873848538,0.19940845321190734,-0.41234200288990935,0.6645231945565456,-0.5166508387141818,2
161,HoReCa,Other,12434,540,283,1092,3,2233,-0.2657951166363095,-0.01001849424688805,-0.3684526872469835,0.0772096473639063,-0.6581413302534367,-0.036135882066172784,1
162,HoReCa,Other,15177,2024,3810,2665,232,610,-0.2367457529698803,0.027001445018486787,-0.3504243069439395,0.13442713690519664,-0.7645751534462204,0.14325486061603498,4
163,Retail,Other,5531,15726,26870,2367,13726,446,0.8066400038840517,-0.004832837123561132,0.7894216944204894,0.02952064434900312,1.1388115485652073,0.13238532456810626,0
164,Retail,Other,5224,7603,8584,2540,3674,238,0.06698255464284128,-0.19944886467023432,0.06899318218503897,-0.34702569134458194,0.5650524447037407,-0.5729601728157914,2
165,Retail,Other,15615,12653,19858,4425,7108,2379,0.4804510142307669,0.061974977069527926,0.6729730253882953,-0.02787493938789665,1.0918751309052666,0.5584449005239864,0
166,Retail,Other,4822,6721,9170,993,4973,3637,0.16477280010007322,-0.17567908802427246,0.2408931093481005,-0.3041651996597496,0.7468257192290537,-0.21471590804879406,2
167,HoReCa,Other,2926,3195,3268,405,1680,693,-0.1343241959970694,-0.2362191809071611,-0.2776570476752987,-0.3267866830786446,-0.2321299735056045,-0.7136260465230616,1
168,HoReCa,Other,5809,735,803,1393,79,429,-0.2580795898506178,-0.14237762458042005,-0.4201575719559418,-0.1317391897218724,-0.5933602969486715,-0.4486858678876738,1
169,HoReCa,Other,5414,717,2155,2399,69,750,-0.2455139978329425,-0.13203815460964774,-0.4097722021297636,-0.12434563292776166,-0.6058119883148257,-0.4348359117001206,1
170,Retail,Other,260,8675,13430,1116,7015,323,0.3320186443786559,-0.27822349273626,0.4872324052395746,-0.4421929823063669,0.9371136427106052,-0.4237534680949781,2
171,Retail,Other,200,25862,19816,651,8773,6250,0.7167954260144811,0.07532405257398761,0.5923992699013437,0.14139220582110484,1.0458569457826592,0.1564779994016738,0
172,HoReCa,Other,955,5479,6536,333,2840,707,-0.000308234372072685,-0.2849428328158383,-0.06706054380402134,-0.4412158744111222,0.2287608517176689,-0.8132785112588338,1
173,Retail,Other,514,7677,19805,937,9836,716,0.5303875640612612,-0.22224492498608212,0.7190963979951559,-0.29888298115073564,1.0334703102044018,-0.20155389960843675,0
174,HoReCa,Other,286,1208,5241,2515,153,1442,-0.16420114516672293,-0.2044126513069102,-0.2943706794120722,-0.252014126561835,-0.3173710001339771,-0.5990677786968777,1
175,Retail,Other,2343,7845,11874,52,4196,1697,0.19479590574728892,-0.2649684175925971,0.2723417023751185,-0.4521558669606519,0.839493122778925,-0.529364401036132,2
176,HoReCa,Other,45640,6958,6536,7368,1532,230,-0.012224069855355436,0.665376049452154,0.3102135041673323,0.6763598296580616,-0.08879035061261238,1.0591127672827372,3
177,HoReCa,Other,12759,7330,4533,1752,20,2631,-0.11110270207353076,-0.00957668372327313,-0.1527981096632401,0.016700804425632338,-0.2532668779704945,0.18928851544568545,1
178,HoReCa,Other,11002,7075,4945,1152,120,395,-0.12815000192951845,-0.09204722134103224,-0.22195267167867236,-0.10775353195881916,-0.31031924120271004,-0.21530961733714607,1
179,HoReCa,Other,3157,4888,2500,4477,273,2165,-0.15604027237869306,-0.10731700483740682,-0.248296255374781,-0.11197676401885308,-0.3471762952873325,-0.3125553455337881,1
180,HoReCa,Other,12356,6036,8887,402,1382,2794,-0.013528877204285536,-0.06627437269605807,-0.02188813468983267,-0.10398787050332273,0.1968677036766448,0.08479873003159369,1
181,HoReCa,Other,112151,29627,18148,16745,4948,8550,0.36764511246858,0.4695558595614202,0.3883146155637446,0.2563015650100963,0.31520454368120593,1.1439804016893558,3
182,HoReCa,Other,694,8533,10518,443,6907,156,0.27079326616182525,-0.2893846721391544,0.3915930928740389,-0.4528884260766426,0.8311824882809433,-0.4993679575773538,2
183,HoReCa,Other,36847,43950,20170,36534,239,47943,0.3635000239512352,0.4086569129817567,0.3881998035138969,0.2561385684770067,0.4167311489295662,0.6588168363489146,3
184,HoReCa,Other,327,918,4710,74,334,11,-0.16509969112234033,-0.2572735608146541,-0.29400532869663115,-0.3104933872602804,-0.2718517589101309,-0.6862967657639933,1
185,HoReCa,Other,8170,6448,1139,2181,58,247,-0.18948926806678895,-0.10382623035757804,-0.3132298874445185,-0.10348108526814348,-0.4720819097691626,-0.31290677059323985,1
186,HoReCa,Other,3009,521,854,3470,949,727,-0.2331871861451089,-0.14479592672657335,-0.3772729060775655,-0.13698342092036214,-0.5315603461492009,-0.4634337143399056,1
187,HoReCa,Other,2438,8002,9819,6269,3459,3,0.0908143780883391,-0.13892524000273987,0.13877582408038674,-0.20776928757393698,0.4510053655644428,-0.22498697399627504,2
188,Retail,Other,8040,7639,11687,2758,6839,404,0.23545319743553594,-0.1578962786047643,0.3673561639173327,-0.30941733735075755,0.9625526445008304,-0.10460441039473974,2
189,Retail,Other,834,11577,11522,275,4027,1856,0.2625290259484931,-0.25645942536223354,0.3770436590752791,-0.41853810931107865,0.8890651223597426,-0.40806203373128747,2
190,HoReCa,Other,16936,6250,1981,7332,118,64,-0.1949278048732708,0.18270712944252251,-0.15615954702350845,0.3535481923594891,-0.4709306999770353,0.5091314064620936,4
191,HoReCa,Other,13624,295,1381,890,43,84,-0.2779698978024317,-0.0259995763350828,-0.3988728143339674,0.06623095846740641,-0.6786307136761254,-0.10904454061333163,1
192,HoReCa,Other,5509,1461,2251,547,187,409,-0.22396608339484803,-0.17343459102411227,-0.3873001394851868,-0.1931829886417893,-0.4994055582945397,-0.5229350079881548,1
193,Retail,Other,180,3485,20292,959,5618,666,0.319150491684917,-0.2540366728203505,0.4618749665084129,-0.3536692578954008,0.7968536434099999,-0.3468597933351005,2
194,HoReCa,Other,7107,1012,2974,806,355,1142,-0.2201032840162488,-0.1413485978874401,-0.3821057367307251,-0.15120207483643072,-0.5439638783247038,-0.4407065175644159,1
195,HoReCa,Other,17023,5139,5230,7888,330,1755,-0.14924270730598632,0.2123853237283556,-0.09205758470871336,0.3844595108821908,-0.3678536931275431,0.7252004611811523,4
196,HoReCa,Lisbon,30624,7209,4897,18711,763,2876,0.06741089288962583,0.6497674610215599,0.3623503858158109,0.4739395532648165,-0.05452997962374847,0.8890435523339492,3
197,Retail,Lisbon,2427,7097,10391,1127,4314,1468,0.1465979361582095,-0.2553182076916506,0.19270487994514796,-0.4451111012762355,0.7896697995948218,-0.6198985665561713,2
198,HoReCa,Lisbon,11686,2154,6824,3527,592,697,-0.1774731210508444,-0.03047733276454118,-0.2911484181274305,0.013393887601180205,-0.657058579360272,-0.026543350787017774,1
199,HoReCa,Lisbon,9670,2280,2112,520,402,347,-0.22678160587402466,-0.1146659140177026,-0.3825170693563433,-0.10321657793792104,-0.5709611760597478,-0.35539954467164697,1
200,Retail,Lisbon,3067,13240,23127,3941,9959,731,0.6560647942148058,-0.09819954167922423,0.8048675789894463,-0.1416709838022664,1.1243899280392249,0.06766620308663254,0
201,Retail,Lisbon,4484,14399,24708,3549,14235,1681,0.7902020014329167,-0.005465274952808544,0.7933232157910509,0.01563624734539694,1.1428327809286287,0.15439415422022595,0
202,HoReCa,Lisbon,25203,11487,9490,5065,284,6854,0.13117425288386536,0.3783724475550893,0.333407860246083,0.383754527765336,0.2763648341115677,0.8531833378937859,3
203,HoReCa,Lisbon,583,685,2216,469,954,18,-0.18960388027528235,-0.2447249591490156,-0.3276589866468184,-0.28628597965631153,-0.3390089662318431,-0.6694526312313409,1
204,HoReCa,Lisbon,1956,891,5226,1383,5,1328,-0.17670216207679484,-0.2042948774782737,-0.3192151955722067,-0.25324108243643856,-0.3556162868163069,-0.5964675471590706,1
205,Retail,Lisbon,1107,11711,23596,955,9265,710,0.6368037832465031,-0.17489388291795518,0.8036887181868521,-0.21859328560352767,1.1128785402030446,-0.09412052430901484,0
206,HoReCa,Lisbon,6373,780,950,878,288,285,-0.2508171616002277,-0.147846203298221,-0.4112585573437754,-0.14105782931902666,-0.568121818358183,-0.4553509207811663,1
207,Retail,Lisbon,2541,4737,6089,2946,5316,120,0.0393165305160833,-0.2289465448161249,0.023148151430314925,-0.35602550561722146,0.3374341673588884,-0.599412340265855,2
208,HoReCa,Lisbon,1537,3748,5838,1859,3381,806,-0.035320276344702105,-0.2514928937553567,-0.12174651939146615,-0.3868296031328022,0.09936613299069667,-0.7978317747787169,1
209,Retail,Lisbon,5550,12729,16767,864,12420,797,0.628706155778934,-0.1269060768888531,0.7807516033216431,-0.16776342743272848,1.0912672020760859,0.0099869985480403,0
210,HoReCa,Lisbon,18567,1895,1393,1801,244,2100,-0.24740802025030495,0.10617569359258247,-0.2984211934513084,0.2643860371579372,-0.6723250657573949,0.3660570173177285,4
211,Retail,Lisbon,12119,28326,39694,4736,19410,2870,0.8134590296018911,0.32315211051202736,0.4825972791337718,0.26482769947772056,1.1532353989880142,0.3692337899697512,0
212,HoReCa,Lisbon,7291,1012,2062,1291,240,1775,-0.2303093265100139,-0.11449940928285895,-0.38179715743983467,-0.10602971176216898,-0.5796759948851283,-0.355053746654717,1
213,HoReCa,Lisbon,3317,6602,6861,1329,3961,1215,0.05131552860870007,-0.2400963392589537,0.02826683948738846,-0.40695309325779255,0.4902053601356043,-0.7425799292589751,2
214,Retail,Lisbon,2362,6551,11364,913,5957,791,0.21014693402337487,-0.2690718793847611,0.3018172791715155,-0.45702849965917297,0.8383233378532875,-0.5298286645421149,2
215,HoReCa,Lisbon,2806,10765,15538,1374,5828,2388,0.3816848851152031,-0.20554207437417688,0.5637770712241384,-0.3665393497305289,1.1064190909578608,-0.16193210108404585,2
216,Retail,Lisbon,2532,16599,36486,179,13308,674,0.8561084992483579,0.05222827613303856,0.6823226381255029,0.13431704338982747,1.1390239408813914,0.08457074232392088,0
217,HoReCa,Lisbon,18044,1475,2046,2532,130,1158,-0.2638580980506606,0.0966644185854679,-0.3398744420261581,0.2589104696457055,-0.7611033417644167,0.3229265974243889,4
218,Retail,Lisbon,18,7504,15205,1285,4797,6372,0.3394978092684615,-0.10882807819046086,0.4555484000265642,-0.11542313405861285,0.7544789819835667,-0.023527539845811504,2
219,HoReCa,Lisbon,4155,367,1390,2306,86,130,-0.2534755685540702,-0.15148329375931274,-0.4088252220131949,-0.14165412140723385,-0.5687787150694905,-0.4771726389665569,1
220,HoReCa,Lisbon,14755,899,1382,1765,56,749,-0.2767425037014061,0.015958414470288226,-0.3960614453080248,0.12925247831097775,-0.7545718019342871,0.032732446395004285,4
221,HoReCa,Lisbon,5396,7503,10646,91,4167,239,0.13497633118691998,-0.24371904378909576,0.1794586974204926,-0.41660854245867535,0.6946544564301764,-0.5369351169322308,2
222,HoReCa,Lisbon,5041,1115,2856,7496,256,375,-0.21916716088579594,-0.00950284022279015,-0.2595294414928262,0.08869134592252073,-0.4859959657148855,-0.09218928480720527,1
223,Retail,Lisbon,2790,2527,5265,5612,788,1360,-0.14883092347965285,-0.10717682624373648,-0.2383664414396781,-0.10266885470444788,-0.3317315239880589,-0.3224891905099118,1
224,HoReCa,Lisbon,7274,659,1499,784,70,659,-0.2520951206594769,-0.13242880420179662,-0.41341484621250585,-0.12003576570669275,-0.5923610281414085,-0.4125901257632009,1
225,HoReCa,Lisbon,12680,3243,4157,660,761,786,-0.1849013878566028,-0.07056030982307791,-0.3153234149337612,-0.04944383464138645,-0.5605334727136606,-0.1784115777621282,1
226,Retail,Lisbon,20782,5921,9212,1759,2568,1553,-0.01766416163395186,0.08915896704604455,0.026312579879098817,0.15858092995298456,0.1329273441343156,0.8571781391372225,4
227,HoReCa,Lisbon,4042,2204,1563,2286,263,689,-0.2240959869021972,-0.16009384982822294,-0.388870994562023,-0.17749864315925798,-0.5354552008010545,-0.5179441841464489,1
228,HoReCa,Lisbon,1869,577,572,950,4762,203,-0.1082669439187322,-0.23505127148636645,-0.18754732195781865,-0.2809367591673482,-0.13055924098222288,-0.5950191424120795,1
229,HoReCa,Lisbon,8656,2746,2501,6845,694,980,-0.20936404605279266,0.025301654434155312,-0.2712975419765194,0.12621155630681735,-0.5514546450562793,0.07100006138114946,4
230,Retail,Lisbon,11072,5989,5615,8321,955,2137,-0.09528798953706144,0.11527784208406415,-0.0526302942414026,0.22245097841538955,-0.17683637187318366,0.4733125592431227,4
231,HoReCa,Lisbon,2344,10678,3828,1439,1566,490,0.00043159974424142544,-0.21642910247601213,-0.02773464112445411,-0.3157789262453546,0.20444983482959245,-0.5163374815235823,1
232,HoReCa,Lisbon,25962,1780,3838,638,284,834,-0.21724635198137168,0.2051650387218444,-0.16974264318817006,0.4199138339060085,-0.48469216089871503,0.5482666357857146,4
233,HoReCa,Lisbon,964,4984,3316,937,409,7,-0.13720719254256092,-0.24461544496295298,-0.2656646833330081,-0.3221433667152869,-0.21456853452728344,-0.6918409452999182,1
234,HoReCa,Lisbon,15603,2703,3833,4260,325,2563,-0.2022660169548386,0.10410553981973948,-0.24753433848759784,0.23962082007586985,-0.6453219304917323,0.4910920938924906,4
235,HoReCa,Lisbon,1838,6380,2824,1218,1216,295,-0.10479777992141287,-0.2350809256751517,-0.2197841229042637,-0.3286661864263624,-0.12927279600797514,-0.6864091903181628,1
236,HoReCa,Lisbon,8635,820,3047,2312,415,225,-0.2411834839527405,-0.0971914889592465,-0.4016818557092001,-0.0703531144875462,-0.6499483625951313,-0.33058036942470725,1
237,HoReCa,Lisbon,18692,3838,593,4634,28,1215,-0.2535214961550785,0.1646870538371399,-0.27968324696533753,0.3564207338802712,-0.720173060377254,0.5185874330461431,4
238,HoReCa,Lisbon,7363,475,585,1112,72,216,-0.2682207184972377,-0.12321350190511865,-0.4239632649068007,-0.09599618829119448,-0.6168923602685791,-0.39243435691174144,1
239,HoReCa,Lisbon,47493,2567,3779,5243,828,2253,-0.0748999362400018,0.6917984917141013,0.28575716089535225,0.7247260329217591,-0.2276389908919573,1.03722931284182,3
240,HoReCa,Lisbon,22096,3575,7041,11422,343,2564,-0.09655656209695238,0.4139073234701748,0.11831277831945762,0.5631274838825194,-0.19764709288584026,0.8477095787685673,3
241,HoReCa,Lisbon,24929,1801,2475,2216,412,1047,-0.24072680404119606,0.22328476328883867,-0.20941675695844134,0.4534930908895605,-0.5898035570727491,0.6153098951874884,4
242,HoReCa,Lisbon,18226,659,2914,3752,586,578,-0.2598053949756528,0.1159914773805832,-0.3220838031290356,0.29073159427008466,-0.745974400381523,0.3677147696041159,4
243,HoReCa,Lisbon,11210,3576,5119,561,1682,2398,-0.11391795702827535,-0.08591592468385326,-0.2022604787021674,-0.10490391868740492,-0.2845084877410686,-0.1624451654030728,1
244,HoReCa,Lisbon,6202,7775,10817,1183,3143,1970,0.11604982453065815,-0.18687209227894452,0.15521594366748914,-0.34569171037598645,0.8385841247557103,-0.4176666909765464,2
245,Retail,Lisbon,3062,6154,13916,230,8933,2784,0.3857211065086846,-0.213495611139758,0.5547240543368973,-0.3343174832850534,0.9707709367600972,-0.18871476576240406,2
246,HoReCa,Lisbon,8885,2428,1777,1777,430,610,-0.23338442306079654,-0.10114801745682757,-0.3980661456347265,-0.08572401575893149,-0.6531311468261454,-0.3442111268029008,1
247,HoReCa,Lisbon,13569,346,489,2077,44,659,-0.29212930975384976,0.005872884301030672,-0.4156248975924334,0.11627520898098713,-0.7656861347274513,-0.02592722047587759,4
248,HoReCa,Lisbon,15671,5279,2406,559,562,572,-0.1879624593294775,-0.01179390675509525,-0.27801817165977505,0.05471675252047381,-0.5078678605800043,0.057873654093067675,1
249,HoReCa,Lisbon,8040,3795,2070,6340,918,291,-0.19967920725742686,-0.0105056018616561,-0.27595818162726554,0.06616679216806404,-0.5182810145462847,-0.03835826167848571,1
250,HoReCa,Lisbon,3191,1993,1799,1730,234,710,-0.21723979245403596,-0.1827404586729968,-0.3813460649723931,-0.21236965236679256,-0.4879973032344805,-0.5679022758598262,1
251,Retail,Lisbon,6134,23133,33586,6746,18594,5121,0.8300063944683365,0.2682374771913134,0.519833168305044,0.24797078281091545,1.1379947083592494,0.3465214480089539,0
252,HoReCa,Lisbon,6623,1860,4740,7683,205,1693,-0.18205534391023367,0.029107134434793368,-0.20505854327691625,0.12854263416523415,-0.4194826384238016,0.07855046373109725,4
253,HoReCa,Lisbon,29526,7961,16966,432,363,1391,0.09650551028986727,0.25146618717834096,0.2675738247659641,0.33616748512069616,0.30367055628435297,0.7772690762746229,3
254,HoReCa,Lisbon,10379,17972,4748,4686,1547,3265,0.16648378516561346,0.06514447286924445,0.30414469640837705,0.06877205850171816,0.4767447516241111,0.35692272338623376,2
255,HoReCa,Lisbon,31614,489,1495,3242,111,615,-0.2487631282975676,0.3828872751120291,-0.07754402837794969,0.6389873371305029,-0.5390075322532074,0.7302206284829813,4
256,HoReCa,Lisbon,11092,5008,5249,453,392,373,-0.1480130920587279,-0.10851954825063123,-0.26543364349645004,-0.12555097644843302,-0.3821959536749009,-0.29889597262883044,1
257,HoReCa,Lisbon,8475,1931,1883,5004,3593,987,-0.15160110888114578,-0.052720896059392064,-0.23480802141093104,-0.02282673695305085,-0.4021457427263105,-0.11800008056732016,1
258,HoReCa,Lisbon,56083,4563,2124,6422,730,3321,0.015922942141430797,0.7920464475253446,0.3775829111993858,0.6033152012679038,-0.16287045559414434,1.0778692468338578,3
259,HoReCa,Lisbon,53205,4959,7336,3012,967,818,0.008592113071722017,0.689907261119425,0.3457109902922622,0.6348102604496016,-0.09352744079507018,1.0035735458937045,3
260,HoReCa,Lisbon,9193,4885,2157,327,780,548,-0.17501645528973953,-0.13373546784703114,-0.3132597308191735,-0.1572580815848319,-0.4288243156662751,-0.40233999085083394,1
261,HoReCa,Lisbon,7858,1110,1094,6818,49,287,-0.25933189650940497,0.02145130355765252,-0.3164571115187113,0.13895899411569196,-0.6155703943926605,-0.024079885697913358,4
262,HoReCa,Lisbon,23257,1372,1677,982,429,655,-0.2527973780663939,0.16061169656690266,-0.2515977612993458,0.3623128096862704,-0.5983790011843204,0.4204352945357859,4
263,HoReCa,Lisbon,2153,1115,6684,4324,2894,411,-0.09119585063146984,-0.1809020090192618,-0.1769645143254485,-0.23478670625453066,-0.1270837881883386,-0.5301142301345836,1
264,Retail,Lisbon,1073,9679,15445,61,5980,1265,0.3636232006422544,-0.26837331150332083,0.5323016278035855,-0.43633362240731854,1.016586382883896,-0.3616829066480354,2
265,HoReCa,Lisbon,5909,23527,13699,10155,830,3636,0.3767623884430391,0.1890062286079223,0.4585752361317079,0.19049822353758095,0.6307447859594298,0.40346784918998013,0
266,Retail,Lisbon,572,9763,22182,2221,4882,2563,0.4536467014091362,-0.17903350853715616,0.6284571456252733,-0.2732383381151285,1.032255484990612,-0.09417391606309763,2
267,HoReCa,Lisbon,20893,1222,2576,3975,737,3628,-0.20133067730894447,0.225745767725806,-0.14260287781261402,0.41260811072179104,-0.481734803936553,0.6669117174377435,4
268,Retail,Lisbon,11908,8053,19847,1069,6374,698,0.3808731816574874,-0.10466589587401096,0.578445053786396,-0.22551686473226365,1.0294519731643257,0.15140303999570648,2
269,HoReCa,Lisbon,15218,258,1138,2516,333,204,-0.28619130164488793,0.03549594803465336,-0.39190390584979795,0.16641640698709215,-0.75611358330375,0.06445335715384218,4
270,HoReCa,Lisbon,4720,1032,975,5500,197,56,-0.2527421217887198,-0.06744491847335042,-0.3532410162812305,-0.000247681998949632,-0.5808961495440831,-0.2608567209564298,1
271,HoReCa,Lisbon,2083,5007,1563,1120,147,1550,-0.16106185054423888,-0.2011850004256271,-0.29186345514992035,-0.2593073452974364,-0.3029874184893324,-0.583104616783967,1
272,HoReCa,Lisbon,514,8323,6869,529,93,1040,-0.02091695480257929,-0.2504867579959296,-0.07505103033487211,-0.361256068377675,0.14454654241798012,-0.6306363917792027,1
273,HoReCa,Other,36817,3045,1493,4802,210,1824,-0.18181605963288489,0.5275787081911959,0.08797605088462923,0.7434248092950708,-0.3895391120647448,0.9510026125502622,3
274,HoReCa,Other,894,1703,1841,744,759,1153,-0.18456155213033693,-0.22923174292788304,-0.3314489770302173,-0.28289127420878296,-0.34732141148243906,-0.6526842234280258,1
275,HoReCa,Other,680,1610,223,862,96,379,-0.22350613435601388,-0.2189439205512571,-0.3649894710298012,-0.24151561398627844,-0.4276257044152233,-0.6158215295516261,1
276,HoReCa,Other,27901,3749,6964,4479,603,2503,-0.1310688168545404,0.3444768180383281,0.002320041323093024,0.5687935392483453,-0.27814177815229113,1.0188084618607574,4
277,HoReCa,Other,9061,829,683,16919,621,139,-0.08611236102747613,0.3401887550077735,0.21012588820810715,0.4013316305936512,-0.2629660227891351,0.35194919920138784,4
278,HoReCa,Other,11693,2317,2543,5845,274,1409,-0.2334911521118208,0.059675252391221026,-0.30876620043692715,0.18282713006551424,-0.6946218480416091,0.20768777142722092,4
279,Retail,Other,17360,6200,9694,1293,3620,1721,0.041750711733013784,0.0030825465268450353,0.08769572443434577,-0.010576926365420248,0.5116506039509305,0.6241113802738132,1
280,HoReCa,Other,3366,2884,2431,977,167,1104,-0.1922332921875997,-0.1947558659383319,-0.3506086911199663,-0.24372613669287246,-0.4171475359102312,-0.5939857504811054,1
281,Retail,Other,12238,7108,6235,1093,2328,2079,-0.026758960517263213,-0.07469248958370757,-0.05739476711404865,-0.1237552853590144,0.1487670950142383,-0.0005987060623453447,1
282,HoReCa,Other,49063,3965,4252,5970,1041,1404,-0.050342278661520204,0.7108117529413719,0.3100757868144612,0.7090390097921295,-0.1909847749369724,1.050240855303545,3
283,HoReCa,Other,25767,3613,2013,10303,314,1384,-0.17831066955599928,0.4459480493320312,0.04305287994316287,0.6381260066603727,-0.3919033206707447,0.8441473015641756,3
284,HoReCa,Other,68951,4411,12609,8692,751,2406,0.1706284779828744,0.8158332850370149,0.4158164377482393,0.4193427163988512,-0.006435035133445585,1.1186139335740113,3
285,HoReCa,Other,40254,640,3600,1042,436,18,-0.16235503681326946,0.4782728247750973,0.12254054305859273,0.6534871681387451,-0.34215309625155954,0.7620946764219408,3
286,HoReCa,Other,7149,2247,1242,1619,1226,128,-0.21699720397392575,-0.14176398290435244,-0.379186828938899,-0.15095520233777998,-0.5422523264981248,-0.4601521917206648,1
287,HoReCa,Other,15354,2102,2828,8366,386,1027,-0.2222047981897288,0.19447408020090148,-0.18366779502095668,0.3831512828078987,-0.544339208997296,0.4857570250253533,4
288,HoReCa,Other,16260,594,1296,848,445,258,-0.2697173589825001,0.01813745649236293,-0.3677216908530888,0.1375746402549971,-0.6727206862239885,0.033842491860130886,4
289,HoReCa,Other,42786,286,471,1388,32,22,-0.17683380488192485,0.5333739087423081,0.1561967322498076,0.6652264783225915,-0.4018633823409298,0.7597791913283871,3
290,HoReCa,Other,2708,2160,2642,502,965,1522,-0.16774519118290535,-0.21373632661876105,-0.31437281119316196,-0.27668021412335103,-0.3272679213086971,-0.6267451102265873,1
291,HoReCa,Other,6022,3354,3261,2507,212,686,-0.19905243932422392,-0.13687575596888776,-0.35998433785845485,-0.15843029184675336,-0.5528072197386011,-0.4785700603728729,1
292,HoReCa,Other,2838,3086,4329,3838,825,1060,-0.1577742165465647,-0.15828546933385385,-0.2913579623488782,-0.19747291026306904,-0.3813325141405523,-0.5336908398558244,1
293,Retail,Porto,3996,11103,12469,902,5952,741,0.31319089574791,-0.23038663942512105,0.4686830215519902,-0.4059621299294045,1.0172776927652485,-0.2886652144028587,2
294,HoReCa,Porto,21273,2013,6550,909,811,1854,-0.1632464592354622,0.11494615682325272,-0.1718314473787848,0.26101873699287104,-0.41054388859399904,0.5322166581846705,4
295,Retail,Porto,7588,1897,5234,417,2208,254,-0.1327225100850674,-0.18105950690071346,-0.26553321808455355,-0.24361557196200986,-0.2815940884995111,-0.5610662160377989,1
296,HoReCa,Porto,19087,1304,3643,3045,710,898,-0.23759435823493524,0.11436065684679265,-0.29770613434406035,0.2833840797503588,-0.7170561951229489,0.4360765911399173,4
297,Retail,Porto,8090,3199,6986,1455,3712,531,-0.04337777516480215,-0.17226808714924188,-0.11971899037075745,-0.2719041731534478,0.04052594834961623,-0.5972135704297662,1
298,Retail,Porto,6758,4560,9965,934,4538,1037,0.07704175629416797,-0.20700925513711904,0.08449477145517521,-0.36352722222935496,0.6179558520240056,-0.5633892876545616,2
299,HoReCa,Porto,444,879,2060,264,290,259,-0.20158531498320933,-0.2404916059734817,-0.3405156514663065,-0.2763321077059581,-0.36543614221168175,-0.6564912695521128,1
300,Retail,Porto,16448,6243,6360,824,2662,2005,-0.039363753304274884,-0.005113522089986365,-0.04893722121611389,0.00560230373720221,0.05146394560857507,0.4215357179792827,1
301,Retail,Porto,5283,13316,20399,1809,8752,172,0.5790341532858286,-0.14393768725749895,0.7742541865913964,-0.22886520228985466,1.1150820869527958,0.007464273120127091,0
302,Retail,Porto,2886,5302,9785,364,6236,555,0.16640764134897312,-0.2733449575759209,0.22920252886323725,-0.4461264840519537,0.6900687112541448,-0.5665517051464752,2
303,Retail,Porto,2599,3688,13829,492,10069,59,0.3516030948710788,-0.23784265677637306,0.5055816040427811,-0.3171411922515549,0.7961912787761712,-0.2962977673381084,2
304,Retail,Porto,161,7460,24773,617,11783,2410,0.668707264279273,-0.13874811912766588,0.7710914221737649,-0.12696710773182274,1.0736756268580059,-0.063640798318869,0
305,Retail,Porto,243,12939,8852,799,3909,211,0.21826387042750794,-0.26277220843582755,0.3083983987722222,-0.3958960657338042,0.7158428849490939,-0.4597803580071117,2
306,Retail,Porto,6468,12867,21570,1840,7558,1543,0.564540904177911,-0.12090643751188873,0.7711669007366838,-0.2258387219517159,1.1623273507654823,0.09421420451519594,0
307,HoReCa,Porto,17327,2374,2842,1149,351,925,-0.2332611355023161,0.04130924341109027,-0.3252010888394001,0.1610767736408489,-0.6690218084401481,0.1938521384978261,4
308,HoReCa,Porto,6987,1020,3007,416,257,656,-0.22207588999240846,-0.1540607228165287,-0.3836519768974651,-0.16584414087348331,-0.5189455135166297,-0.4681537889877291,1
309,Retail,Porto,918,20655,13567,1465,6846,806,0.5352702947458295,-0.13998191605745275,0.6578228765045805,-0.15539718300181246,0.9931804792692732,-0.06913694644049548,0
310,HoReCa,Porto,7034,1492,2405,12569,299,1117,-0.15527344246263194,0.19450174148482569,0.013134526972498627,0.34162278620623904,-0.3128221748594222,0.2608908564633645,4
311,HoReCa,Porto,29635,2335,8280,3046,371,117,-0.15461196305465574,0.31073056460497683,-0.02646662316637613,0.5344281621502384,-0.3192085451193841,0.7930297003694692,4
312,Retail,Porto,2137,3737,19172,1274,17120,142,0.6186335502083521,-0.06927034384793954,0.6284253283921184,0.021661103812011542,0.8909160407858944,-0.06144189611358498,0
313,HoReCa,Porto,9784,925,2405,4447,183,297,-0.2603499249079507,-0.020772647746030173,-0.3871425828665178,0.06367529788611803,-0.7192331356070812,-0.10429377089029797,1
314,HoReCa,Porto,10617,1795,7647,1483,857,1233,-0.14530141935987284,-0.0928398052828653,-0.2629924498388874,-0.10391546870091722,-0.4569110654487581,-0.2589037719585423,1
315,Retail,Porto,1479,14982,11924,662,3891,3508,0.34784311744491503,-0.1729375625752984,0.4880789733433568,-0.2580640104320357,0.9043535177851384,-0.12062724542745387,2
316,HoReCa,Porto,7127,1375,2201,2679,83,1059,-0.2433468505487403,-0.09934065783465322,-0.4056801222934799,-0.07842738547810951,-0.6652328940847253,-0.3443341307738482,1
317,HoReCa,Porto,1182,3088,6114,978,821,1637,-0.10298523411300084,-0.2373453905054449,-0.22253630869097016,-0.3367088168451972,-0.12875578170180274,-0.7017269707194141,1
318,HoReCa,Porto,11800,2713,3558,2121,706,51,-0.21333318630860185,-0.060148280836506876,-0.35512990422078844,-0.02114589999786231,-0.6562242638040716,-0.18436871672425395,1
319,Retail,Porto,9759,25071,17645,1128,12408,1625,0.7535925665023757,0.06315038772687945,0.6860453151378295,0.0928364383849327,1.0905597610204627,0.234591123550722,0
320,HoReCa,Porto,1774,3696,2280,514,275,834,-0.1703520803055628,-0.22804474896772195,-0.3169738128583721,-0.2934003819114116,-0.3166896298650482,-0.6583294268157118,1
321,HoReCa,Porto,9155,1897,5167,2714,228,1113,-0.20152632115768995,-0.0796523427577809,-0.34896669102388084,-0.06420395700677442,-0.6645996830197576,-0.26849998397662656,1
322,HoReCa,Porto,15881,713,3315,3703,1470,229,-0.2331800023981803,0.05392024043637436,-0.3218055049871083,0.18181153108831655,-0.7022815062179573,0.21324857286927576,4
323,HoReCa,Porto,13360,944,11593,915,1679,573,-0.07328093748827008,-0.07195789340045068,-0.11449573525942265,-0.07588106418664484,-0.08822732469499656,-0.04220982699340008,1
324,HoReCa,Porto,25977,3587,2464,2369,140,1092,-0.2224024671211048,0.24904878991606696,-0.16799625744857138,0.4835178536196526,-0.5344033333590479,0.697817610265849,4
325,HoReCa,Porto,32717,16784,13626,60869,1272,5609,0.3645901980791307,0.4149346788141645,0.3882136372003405,0.256151576312536,0.1525813118884604,0.7078871237963974,3
326,HoReCa,Porto,4414,1610,1431,3498,387,834,-0.2344965858954117,-0.12475898490557193,-0.38766982117228577,-0.1147510210059867,-0.5836677842019983,-0.42067820389073296,1
327,HoReCa,Porto,542,899,1664,414,88,522,-0.21108325797687388,-0.2312236332593776,-0.35250051970352164,-0.2626248329156099,-0.3932001199473712,-0.6382144645970456,1
328,HoReCa,Porto,16933,2209,3389,7849,210,1534,-0.21882625346388435,0.21598610305253504,-0.17826682983800352,0.4141475681662997,-0.5558661750866394,0.5895725940776333,4
329,HoReCa,Porto,5113,1486,4583,5127,492,739,-0.19770345548665974,-0.08680090593463219,-0.3150778218436828,-0.05942992699149718,-0.5118131843150716,-0.2881341523006628,1
330,HoReCa,Porto,9790,1786,5109,3570,182,1043,-0.20995105498045208,-0.047923642603471886,-0.34625654807431305,-0.0061249693325245895,-0.7049492664130242,-0.14609796263354174,1
331,Retail,Porto,11223,14881,26839,1234,9606,1102,0.7093013264215742,-0.014399465102854338,0.8114916021945142,-0.04732877797920966,1.1417085513173952,0.2424809754547245,0
332,HoReCa,Porto,22321,3216,1447,2208,178,2602,-0.22150674849108284,0.1982207471093328,-0.19694973649114675,0.3953305714103322,-0.552800136452013,0.618857831083418,4
333,Retail,Porto,8565,4980,67298,131,38102,1215,0.4345876597401561,0.4132301485123294,0.3887308292712922,0.25650757196708285,1.0109521748306205,0.20874710170997648,3
334,Retail,Porto,16823,928,2743,11559,332,3486,-0.15326600559671472,0.3529643285281326,0.05847674886963305,0.4976207197037508,-0.3280744978996025,0.6292655661978214,4
335,Retail,Porto,27082,6817,10790,1365,4111,2139,0.0827896156483974,0.20653038932207296,0.2264666763669937,0.296466895456791,0.3804475443330464,0.9367443168209796,4
336,HoReCa,Porto,13970,1511,1330,650,146,778,-0.2595470027233208,-0.02315257049573453,-0.3851180685845059,0.06064276791315545,-0.6757321934083567,-0.07042865977860044,1
337,HoReCa,Porto,9351,1347,2611,8170,442,868,-0.22310835608242688,0.08271573353678477,-0.23093582483456865,0.22304400304520625,-0.5256453398500698,0.16855655593988714,4
338,HoReCa,Porto,3,333,7021,15601,15,550,-0.042648852062405575,0.194294195544612,0.19369506559968272,0.3019846574081548,-0.13315520956455185,0.14959856387358464,4
339,HoReCa,Porto,2617,1188,5332,9584,573,1942,-0.13524471098953186,0.0342264307051485,-0.08125119583729164,0.14198250994142456,-0.24255610284942736,0.0369709959788433,4
340,Retail,Other,381,4025,9670,388,7271,1371,0.19993564505390535,-0.28581404366955593,0.2815520239746895,-0.43480922678834777,0.6835234980278408,-0.5356175479966188,2
341,Retail,Other,2320,5763,11238,767,5162,2158,0.1804159137833916,-0.25214673903166235,0.2519722701018446,-0.4315313230212325,0.8115240249334553,-0.5078456320568409,2
342,HoReCa,Other,255,5758,5923,349,4595,1328,0.06482961898328389,-0.29065419613821225,0.04779688442611865,-0.4542277552473973,0.4259572607924381,-0.7410227377666562,2
343,Retail,Other,1689,6964,26316,1456,15469,37,0.7204378928782562,-0.060259024548760864,0.71068630911889,0.016683836766824226,1.0142972919430708,-0.023234001140344348,0
344,HoReCa,Other,3043,1172,1763,2234,217,379,-0.2312772307646262,-0.1737979713299452,-0.3914529294611672,-0.18733016747696304,-0.515974869021546,-0.5402129782351112,1
345,HoReCa,Other,1198,2602,8335,402,3843,303,0.011831305698776523,-0.2874563862536063,-0.03792452266030626,-0.4301218194563329,0.2355566862685773,-0.7538589361967505,2
346,Retail,Other,2771,6939,15541,2693,6600,1115,0.315509398732287,-0.2173436969385905,0.4772997971870029,-0.3846133998469817,1.0079491095698645,-0.25208941459646844,2
347,Retail,Other,27380,7184,12311,2809,4621,1022,0.1129236871622374,0.2200421430538536,0.2696410101194681,0.2971316979045263,0.439912044201972,0.9591966048387216,3
348,HoReCa,Other,3428,2380,2028,1341,1184,665,-0.18540037617904648,-0.20097788720997747,-0.3471054757388596,-0.2551537707311464,-0.4072770294551835,-0.6286880278834236,1
349,Retail,Other,5981,14641,20521,2005,12218,445,0.6971090129336223,-0.0809506188626036,0.8156262449953638,-0.10382320730434323,1.1250459185179416,0.08568602617229087,0
350,HoReCa,Other,3521,1099,1997,1796,173,995,-0.22670304883375,-0.1706641600364482,-0.3894495307066874,-0.18965674252110956,-0.5170752112349336,-0.5307460752970896,1
351,Retail,Other,1210,10044,22294,1741,12638,3137,0.6967538631524285,-0.10049650018261354,0.7882255899770111,-0.09914293818875594,1.1156656328340775,0.023474132175757167,0
352,HoReCa,Other,608,1106,1533,830,90,195,-0.2153388944479219,-0.2265527768486437,-0.35846829017617604,-0.25466460520708106,-0.4082866441435438,-0.6339544220161565,1
353,Retail,Other,117,6264,21203,228,8682,1111,0.49859869740797796,-0.23574899172616298,0.6804823620864878,-0.3121845546185822,0.9994307732371108,-0.23760612367762904,0
354,HoReCa,Other,14039,7393,2548,6386,1333,2341,-0.11648449387037765,0.11964865198322187,-0.09579877000369402,0.2280912758202487,-0.27827981681197594,0.5849161609969534,4
355,HoReCa,Other,190,727,2012,245,184,127,-0.20470530458821132,-0.2416316989236409,-0.3391591988127161,-0.27216542416243233,-0.3680530150619623,-0.6546279942664646,1
356,HoReCa,Other,22686,134,218,3157,9,548,-0.29834694233404546,0.20803255506427806,-0.2825655132400361,0.4358126022955089,-0.7190451711327753,0.4538181340566087,4
357,Retail,Other,37,1275,22272,137,6747,110,0.35458793204078143,-0.2399848450596568,0.4931947764853444,-0.2689092346383869,0.7352268027722356,-0.3170742247816216,2
358,HoReCa,Other,759,18664,1660,6114,536,4100,0.15654320903615138,0.023031590593101475,0.29463318067784383,0.06927533795348949,0.3566824859020045,0.10082361553947602,2
359,HoReCa,Other,796,5878,2109,340,232,776,-0.13296062532862904,-0.24251305382832106,-0.2516492296287297,-0.31836424535185265,-0.19135297809949092,-0.663246487961191,1
360,HoReCa,Other,19746,2872,2006,2601,468,503,-0.24482218319743165,0.11719966731881945,-0.29892420326808244,0.2897378299510173,-0.6949081513247755,0.4048427167193005,4
361,HoReCa,Other,4734,607,864,1206,159,405,-0.250887681481019,-0.16197792613249554,-0.4109663113883562,-0.16140010176652905,-0.5543035346198821,-0.494977547124623,1
362,HoReCa,Other,2121,1601,2453,560,179,712,-0.2013265411206207,-0.21752360343857505,-0.3562311510982201,-0.2618167761445459,-0.39975426053573415,-0.6264557320452171,1
363,HoReCa,Other,4627,997,4438,191,1335,314,-0.16582584897531455,-0.2126176755262844,-0.3139427342468708,-0.2708110225835606,-0.3281900525519338,-0.6200164649343598,1
364,HoReCa,Other,2615,873,1524,1103,514,468,-0.2211686158984552,-0.20081446265607486,-0.3791471801830557,-0.22808719463702476,-0.4594658284257088,-0.5910420733727749,1
365,Retail,Other,4692,6128,8025,1619,4515,3105,0.1038464238842204,-0.18056635179978253,0.13875935027324252,-0.3148640049784174,0.652195246245078,-0.3376221753347251,2
366,HoReCa,Other,9561,2217,1664,1173,222,447,-0.2413805831133605,-0.099452360723142,-0.4018851901578188,-0.0764826736804699,-0.6356023470953601,-0.3243201528089333,1
367,HoReCa,Other,3477,894,534,1457,252,342,-0.2449562893188632,-0.1756570122694414,-0.4022843820433048,-0.18177651816688187,-0.5268160051379537,-0.5306154986099323,1
368,HoReCa,Other,22335,1196,2406,2046,101,558,-0.2622927006430018,0.16442312297944447,-0.2760308998937721,0.37049880797676216,-0.6601864363766904,0.4468677298737664,4
369,HoReCa,Other,6211,337,683,1089,41,296,-0.2641235769423087,-0.13981941873624842,-0.4209044645327596,-0.1222430615630454,-0.5935250425258286,-0.43548468349735503,1
370,Retail,Other,39679,3944,4955,1364,523,2235,-0.10419518720877392,0.4989644538562848,0.16505220495802989,0.6779861840154185,-0.203163239832394,0.9260991686237972,3
371,HoReCa,Other,20105,1887,1939,8164,716,790,-0.2314890775833569,0.27453341490343497,-0.14953691570807726,0.4947923172017046,-0.5541130588192149,0.6389593069170738,4
372,HoReCa,Other,3884,3801,1641,876,397,4829,-0.10402458920967328,-0.09573213829606317,-0.09603323231453276,-0.07813667478542935,-0.12174898497729203,-0.17717387407652047,1
373,Retail,Other,15076,6257,7398,1504,1916,3113,-0.02651723594076036,0.010514707447553435,-0.01641843844824094,0.022376105791714614,0.11867552358515154,0.4760758663534386,1
374,HoReCa,Other,6338,2256,1668,1492,311,686,-0.22755536629915646,-0.14389315600264044,-0.3967268115418852,-0.1548425526895041,-0.5721769877713153,-0.4696859403896413,1
375,HoReCa,Other,5841,1450,1162,597,476,70,-0.23294274746453444,-0.16784005930577758,-0.3918964469038705,-0.1769315612993671,-0.5111954695120757,-0.5034719702684692,1
376,Retail,Other,3136,8630,13586,5641,4666,1426,0.22812372844737774,-0.1360970209671197,0.3495077102315732,-0.25204203154348354,0.8756532066049268,-0.0731467142566618,2
377,HoReCa,Other,38793,3154,2648,1034,96,1242,-0.15871156422774124,0.4721333257068638,0.10566190847121668,0.6733698564176089,-0.32131777530853256,0.8279596517900469,3
378,HoReCa,Other,3225,3294,1902,282,68,1114,-0.18883372708592688,-0.2045281856601204,-0.33885987966123804,-0.2541063370250809,-0.3791084614400016,-0.5934955578846273,1
379,Retail,Other,4048,5164,10391,130,813,179,-0.019151986268186396,-0.2375982560368339,-0.07879826909289238,-0.3549179198824443,0.1489772949293843,-0.6221153874050601,1
380,HoReCa,Other,28257,944,2146,3881,600,270,-0.2465593284595998,0.3200836008749903,-0.13699014414873434,0.5755076782882421,-0.5598441406748556,0.6994683187226174,4
381,HoReCa,Other,17770,4591,1617,9927,246,532,-0.1928612695653621,0.280211735952526,-0.06713238007907146,0.4700859345138747,-0.4241834181487265,0.5878263142571644,4
382,HoReCa,Other,34454,7435,8469,2540,1711,2893,-0.0003546210116819611,0.41727127971884304,0.21063447237005156,0.5755025593158934,0.06771860008186076,1.054302692554341,3
383,HoReCa,Other,1821,1364,3450,4006,397,361,-0.20235212412766876,-0.16016425430075526,-0.3374181001843757,-0.1676581757915988,-0.4480271579448585,-0.5034970290018208,1
384,HoReCa,Other,10683,21858,15400,3635,282,5120,0.3887285656759162,0.12935120685985838,0.488716924095661,0.12965451064297615,0.7151098117570306,0.4082085070402828,0
385,HoReCa,Other,11635,922,1614,2583,192,1068,-0.2668428870093282,-0.02230034410047808,-0.4097079452730498,0.05769691904173565,-0.7717294534576529,-0.08743854792198147,1
386,HoReCa,Other,1206,3620,2857,1945,353,967,-0.1675456644371025,-0.21249252518010367,-0.3149684378133804,-0.27570438485508386,-0.3371912720062104,-0.6513574174553887,1
387,HoReCa,Other,20918,1916,1573,1960,231,961,-0.2596334850371683,0.13864112939106008,-0.2966804485710687,0.32819006533227874,-0.6863766449919861,0.4172518672439118,4
388,HoReCa,Other,9785,848,1172,1677,200,406,-0.2672654873750734,-0.07865764864936968,-0.4241081905369754,-0.030810111949686417,-0.6881551904798361,-0.2713719938265641,1
389,HoReCa,Other,9385,1530,1422,3019,227,684,-0.25955224450579417,-0.05769760981620325,-0.4141783570123769,-0.0032910108538854697,-0.7359648920774763,-0.21595663839870824,1
390,HoReCa,Other,3352,1181,1328,5502,311,1000,-0.23358002662256475,-0.08173153816033177,-0.3368588745555419,-0.03115569628706964,-0.5396332180177547,-0.2874327278114346,1
391,HoReCa,Other,2647,2761,2313,907,95,1827,-0.18373908989993104,-0.19254093431079752,-0.3255809984953704,-0.2383196337266048,-0.3745097703729924,-0.5610965457884851,1
392,HoReCa,Other,518,4180,3600,659,122,654,-0.14503146980021486,-0.2471436774688475,-0.28037430220935744,-0.3261562230177064,-0.2352237661386669,-0.7004494644655951,1
393,HoReCa,Other,23632,6730,3842,8620,385,819,-0.14304554903210964,0.3481289884423569,0.00636219586155784,0.5473971267024302,-0.3069923447825511,0.8598834246874967,4
394,HoReCa,Other,12377,865,3204,1398,149,452,-0.2494567061868573,-0.047227396451186544,-0.3922310303649952,0.0162142339752944,-0.6862633784373946,-0.14884096821185255,1
395,HoReCa,Other,9602,1316,1263,2921,841,290,-0.2519455925291297,-0.06572591995647001,-0.4046742119688709,-0.015727406373495813,-0.7004706802166856,-0.23813950670497694,1
396,Retail,Other,4515,11991,9345,2644,3378,2213,0.18584138779480075,-0.15861812629212266,0.2785730210904912,-0.2924606118806627,0.8477254553506062,-0.1614752145939537,2
397,HoReCa,Other,11535,1666,1428,6838,64,743,-0.2583212358607976,0.08531887123880391,-0.3034758342533528,0.2334316097965614,-0.6657485126168424,0.1873543479194494,4
398,HoReCa,Other,11442,1032,582,5390,74,247,-0.2832593683100662,0.041954366058312896,-0.3697651997401873,0.1724525530548976,-0.7348507557246623,0.04966179824948596,4
399,HoReCa,Other,9612,577,935,1601,469,375,-0.2657863308329351,-0.08418250958407841,-0.4217411932761908,-0.03883115167181059,-0.6732966923213077,-0.2862245511698414,1
400,HoReCa,Other,4446,906,1238,3576,153,1014,-0.24847833741303116,-0.1136517940526895,-0.3961124399168775,-0.09020633126283717,-0.6058255316683693,-0.3839056429373956,1
401,HoReCa,Other,27167,2801,2128,13223,92,1902,-0.13117741602129826,0.5403795886460946,0.17457468938502793,0.6272201390406889,-0.3200043017583256,0.8385421348222317,3
402,HoReCa,Other,26539,4753,5091,220,10,340,-0.16690136815194045,0.19746462512064397,-0.09906984551421992,0.3900650791391791,-0.336740966409407,0.5709911012063275,4
403,HoReCa,Other,25606,11006,4604,127,632,288,-0.05050123902244539,0.17270163628228954,0.06014181656138711,0.2946910059990133,-0.010234511526489177,0.5751302867974161,4
404,HoReCa,Other,18073,4613,3444,4324,914,715,-0.1931510883271997,0.1159864978231487,-0.2374337018195744,0.2656861368195509,-0.6548229529763292,0.5727894385723393,4
405,HoReCa,Other,6884,1046,1167,2069,593,378,-0.24827782225643544,-0.1231768016101758,-0.4137578499250275,-0.10906607830590276,-0.6209689456012388,-0.4091018369683173,1
406,HoReCa,Other,25066,5010,5026,9806,1092,960,-0.12405508491236432,0.4001916415875524,0.0618786638276209,0.5906116900872391,-0.25776538274697564,0.8996625578054168,3
407,Retail,Other,7362,12844,18683,2854,7883,553,0.5077540033498023,-0.11801127389489338,0.7199105183608596,-0.23564849967225204,1.1270125626033614,0.09898631155950947,0
408,Retail,Other,8257,3880,6407,1646,2730,344,-0.07857903856147798,-0.16098493125439325,-0.18099420214199166,-0.2451763591976909,-0.15426790927305584,-0.6223734374386751,1
409,HoReCa,Other,8708,3634,6100,2349,2123,5137,-0.01917889999051509,-0.019376730431737536,0.023853179572381436,-0.007948580461507739,0.1022039605110517,0.13858366860079893,1
410,HoReCa,Other,6633,2096,4563,1389,1860,1892,-0.13732085131090838,-0.15325677207665767,-0.268996811546829,-0.20864455808521884,-0.3522852930779525,-0.5132191063806764,1
411,HoReCa,Other,2126,3289,3281,1535,235,4365,-0.10490902634567184,-0.12757476692299424,-0.12527673868063802,-0.130366829450046,-0.12302079499900885,-0.2683752243029381,1
412,HoReCa,Other,97,3605,12400,98,2970,62,0.07816278360284395,-0.30099808647438586,0.07833261518829734,-0.4432278848286629,0.3973492161821385,-0.6907510512278511,2
413,HoReCa,Other,4983,4859,6633,17866,912,2435,0.04719671254706679,0.324665799130811,0.2906336699035085,0.3621936975453439,0.006968068385102754,0.394704208327386,3
414,HoReCa,Other,5969,1990,3417,5679,1135,290,-0.19610677335953824,-0.06691528397389061,-0.2999335395254732,-0.023807643637592614,-0.5012355105234052,-0.22369364195556346,1
415,Retail,Other,7842,6046,8552,1691,3540,1874,0.043312331675738065,-0.15740129295009886,0.03306913250023335,-0.2882393510508846,0.6795503417737893,-0.563910587883569,2
416,Retail,Other,4389,10940,10908,848,6728,993,0.3109423238826087,-0.22436963960255935,0.4647424797245146,-0.3963302091577824,1.0109946545944568,-0.26935423510777784,2
417,HoReCa,Other,5065,5499,11055,364,3485,1063,0.08765106802057925,-0.23630042931632594,0.09561203949953008,-0.4065197452033571,0.6126212294604706,-0.6264396437730325,2
418,Retail,Other,660,8494,18622,133,6740,776,0.4230334524293379,-0.2628086537798903,0.6089350123452211,-0.3979627597846605,1.0087233984149346,-0.3142118745526113,2
419,HoReCa,Other,8861,3783,2223,633,1580,1521,-0.1618798420314703,-0.1294773695142355,-0.2986250080945298,-0.1607359582231598,-0.43285523880727705,-0.4066323697655432,1
420,HoReCa,Other,4456,5266,13227,25,6818,1393,0.2579690630821253,-0.24380774121759416,0.38416679561159,-0.4127637455864851,0.8873421107648841,-0.3590959151677762,2
421,Retail,Other,17063,4847,9053,1031,3415,1784,0.001617462972983699,-0.004076629829448186,0.01896128528699975,-0.005316173816363502,0.2762535278811048,0.5065622216036405,1
422,HoReCa,Other,26400,1377,4172,830,948,1218,-0.20010797464874364,0.21662558308213145,-0.1443280524915824,0.43216526907687103,-0.44468249818586175,0.6097190358212851,4
423,Retail,Other,17565,3686,4657,1059,1803,668,-0.1544860194492369,0.01623824218373591,-0.2255544744778767,0.0935275215480248,-0.4760132687037949,0.2494545849105563,4
424,Retail,Other,16980,2884,12232,874,3213,249,0.00629981937704038,-0.027232789551561203,0.032003061769347516,-0.02872090397968605,0.2106927261975554,0.2340848431817509,1
425,HoReCa,Other,11243,2408,2593,15348,108,1886,-0.0963599028351248,0.3458381820028366,0.16668175154602494,0.4403412784043104,-0.2360236723856329,0.4647932907298595,4
426,HoReCa,Other,13134,9347,14316,3141,5079,1894,0.251013557191609,-0.03722926967518002,0.4101264208195104,-0.14594694536942102,1.1326647452831995,0.4523412923440146,2
427,HoReCa,Other,31012,16687,5429,15082,439,1163,0.12202406858356607,0.5770307506101836,0.3666327964631891,0.4480885615710111,0.11121969611923373,0.8918099341426835,3
428,HoReCa,Other,3047,5970,4910,2198,850,317,-0.10378109275582252,-0.2057076818541911,-0.2211861504871812,-0.29550286152348904,-0.16333406622073882,-0.6639662017023684,1
429,HoReCa,Other,8607,1750,3580,47,84,2501,-0.1883499113419746,-0.10792111938607513,-0.30181343750354744,-0.10453488914605874,-0.42409499377863225,-0.2736723663265652,1
430,HoReCa,Other,3097,4230,16483,575,241,2080,0.0852766549459622,-0.19777713136131211,0.12146063511718112,-0.2808561280873215,0.4063120651166315,-0.3293434207861324,2
431,HoReCa,Other,8533,5506,5160,13486,1377,1498,-0.04340566466643042,0.2294993610017519,0.13621791448230275,0.3484916300336845,-0.06632014191494738,0.4082808973311826,4
432,HoReCa,Other,21117,1162,4754,269,1328,395,-0.19545798396817154,0.08073893519409346,-0.2240988221409444,0.22510263162396407,-0.462200875527676,0.30977169142266275,4
433,HoReCa,Other,1982,3218,1493,1541,356,1449,-0.18712002432874505,-0.19648554508860155,-0.3348631616928785,-0.24397401587503945,-0.38938286254154175,-0.5905524722844295,1
434,HoReCa,Other,16731,3922,7994,688,2371,838,-0.07532086050335468,-0.020250845636681045,-0.11372207835996816,0.0020127808660369245,-0.14229845011639605,0.2306426540945403,1
435,HoReCa,Other,29703,12051,16027,13135,182,2204,0.16096475542243002,0.5338406283087384,0.3761623314298111,0.4667789087717407,0.2511996470743045,0.9703442636368796,3
436,HoReCa,Other,39228,1431,764,4510,93,2346,-0.180932196296653,0.5704327940055631,0.13023102137034742,0.7451105238303107,-0.4001704087859918,0.9319810019193498,3
437,Retail,Other,14531,15488,30243,437,14841,1867,0.8306305443109359,0.10440986153886864,0.7207467524010442,0.1224001013605148,1.1354324092019197,0.3062525759811339,0
438,HoReCa,Other,10290,1981,2232,1038,168,2125,-0.22127780312942905,-0.06688277753073307,-0.35200360771234823,-0.033908827624284314,-0.5946608317701935,-0.17990821571492796,1
439,HoReCa,Other,2787,1698,2510,65,477,52,-0.1947531896591521,-0.22490006492358586,-0.3434271702891229,-0.268287015444954,-0.3702887263211459,-0.6312233940849092,1
